,BoroCT2010,Neighborhood
0,2000100,Rikers Island
2,2000200,Soundview-Castle Hill-Clason Point-Harding Park
5,2000400,Soundview-Castle Hill-Clason Point-Harding Park
10,2001600,Soundview-Castle Hill-Clason Point-Harding Park
14,2001900,Mott Haven-Port Morris
19,2002000,Soundview-Castle Hill-Clason Point-Harding Park
25,2002300,Mott Haven-Port Morris
28,2002400,park-cemetery-etc-Bronx
29,2002500,Mott Haven-Port Morris
34,2002701,Mott Haven-Port Morris
36,2002702,Mott Haven-Port Morris
40,2002800,Soundview-Castle Hill-Clason Point-Harding Park
45,2003100,Mott Haven-Port Morris
46,2003300,Mott Haven-Port Morris
49,2003500,Mott Haven-Port Morris
52,2003700,Mott Haven-Port Morris
53,2003800,Soundview-Castle Hill-Clason Point-Harding Park
54,2003900,Mott Haven-Port Morris
59,2004001,Soundview-Bruckner
60,2004100,Mott Haven-Port Morris
64,2004200,Soundview-Castle Hill-Clason Point-Harding Park
71,2004300,Mott Haven-Port Morris
75,2004400,Soundview-Bruckner
79,2004600,Soundview-Castle Hill-Clason Point-Harding Park
80,2004800,Soundview-Bruckner
82,2005001,Soundview-Bruckner
86,2005002,Soundview-Bruckner
90,2005100,Mott Haven-Port Morris
93,2005200,Soundview-Bruckner
95,2005300,University Heights-Morris Heights
97,2005400,West Farms-Bronx River
101,2005600,West Farms-Bronx River
104,2005902,East Concourse-Concourse Village
106,2006000,Crotona Park East
107,2006100,East Concourse-Concourse Village
110,2006200,West Farms-Bronx River
115,2006300,West Concourse
121,2006400,West Farms-Bronx River
125,2006500,Mott Haven-Port Morris
129,2006700,Melrose South-Mott Haven North
135,2006800,Soundview-Bruckner
138,2006900,Melrose South-Mott Haven North
142,2007000,Soundview-Bruckner
145,2007100,Melrose South-Mott Haven North
147,2007200,Soundview-Bruckner
151,2007300,Melrose South-Mott Haven North
154,2007400,Soundview-Castle Hill-Clason Point-Harding Park
157,2007500,Melrose South-Mott Haven North
161,2007600,West Farms-Bronx River
166,2007700,Melrose South-Mott Haven North
167,2007800,Westchester-Unionport
171,2007900,Melrose South-Mott Haven North
177,2008300,Longwood
183,2008400,Soundview-Castle Hill-Clason Point-Harding Park
185,2008500,Longwood
190,2008600,Soundview-Castle Hill-Clason Point-Harding Park
193,2008700,Longwood
198,2008900,Hunts Point
200,2009000,Soundview-Castle Hill-Clason Point-Harding Park
205,2009200,Westchester-Unionport
210,2009300,Hunts Point
216,2009600,Westchester-Unionport
218,2009800,Westchester-Unionport
223,2011000,Schuylerville-Throgs Neck-Edgewater Park
224,2011502,Soundview-Castle Hill-Clason Point-Harding Park
228,2011700,Hunts Point
230,2011800,Schuylerville-Throgs Neck-Edgewater Park
232,2011900,Hunts Point
237,2012101,Morrisania-Melrose
239,2012102,Hunts Point
240,2012300,Crotona Park East
243,2012500,Morrisania-Melrose
245,2012701,Hunts Point
247,2012901,Longwood
249,2013000,Schuylerville-Throgs Neck-Edgewater Park
250,2013100,Longwood
253,2013200,Schuylerville-Throgs Neck-Edgewater Park
258,2013300,Morrisania-Melrose
262,2013500,Morrisania-Melrose
265,2013800,Schuylerville-Throgs Neck-Edgewater Park
267,2014100,Morrisania-Melrose
270,2014300,East Concourse-Concourse Village
271,2014400,Schuylerville-Throgs Neck-Edgewater Park
277,2014500,Claremont-Bathgate
281,2014701,Claremont-Bathgate
284,2014702,Claremont-Bathgate
288,2014900,Morrisania-Melrose
291,2015100,Morrisania-Melrose
295,2015200,Schuylerville-Throgs Neck-Edgewater Park
297,2015300,Crotona Park East
300,2015500,Crotona Park East
302,2015700,Crotona Park East
305,2015800,Schuylerville-Throgs Neck-Edgewater Park
306,2015900,Hunts Point
308,2016000,Schuylerville-Throgs Neck-Edgewater Park
312,2016100,Crotona Park East
316,2016200,Schuylerville-Throgs Neck-Edgewater Park
318,2016300,park-cemetery-etc-Bronx
319,2016400,Schuylerville-Throgs Neck-Edgewater Park
320,2016500,Claremont-Bathgate
321,2016600,Schuylerville-Throgs Neck-Edgewater Park
323,2016700,Claremont-Bathgate
325,2016900,Claremont-Bathgate
326,2017100,park-cemetery-etc-Bronx
327,2017300,East Concourse-Concourse Village
331,2017500,East Concourse-Concourse Village
337,2017701,East Concourse-Concourse Village
340,2017702,East Concourse-Concourse Village
344,2017901,East Concourse-Concourse Village
347,2017902,East Concourse-Concourse Village
350,2018101,East Concourse-Concourse Village
353,2018102,East Concourse-Concourse Village
357,2018301,East Concourse-Concourse Village
360,2018302,East Concourse-Concourse Village
363,2018400,Schuylerville-Throgs Neck-Edgewater Park
367,2018500,Morrisania-Melrose
372,2018900,Highbridge
376,2019300,Highbridge
380,2019400,Schuylerville-Throgs Neck-Edgewater Park
381,2019500,West Concourse
385,2019700,West Concourse
390,2019900,Highbridge
396,2020000,Van Nest-Morris Park-Westchester Square
400,2020100,Highbridge
403,2020200,Westchester-Unionport
405,2020400,Westchester-Unionport
408,2020501,University Heights-Morris Heights
412,2020502,University Heights-Morris Heights
415,2020601,Westchester-Unionport
417,2020900,West Concourse
421,2021001,Parkchester
427,2021002,Parkchester
435,2021100,Highbridge
439,2021200,Parkchester
444,2021301,University Heights-Morris Heights
446,2021302,Highbridge
450,2021501,University Heights-Morris Heights
453,2021502,University Heights-Morris Heights
458,2021601,West Farms-Bronx River
462,2021602,Parkchester
467,2021700,University Heights-Morris Heights
471,2021800,West Farms-Bronx River
476,2021900,Highbridge
477,2022000,East Tremont
478,2022101,West Concourse
481,2022102,West Concourse
484,2022200,Parkchester
488,2022300,West Concourse
492,2022401,Pelham Parkway
494,2022403,Pelham Parkway
496,2022404,Pelham Parkway
499,2022500,East Concourse-Concourse Village
505,2022701,Mount Hope
508,2022702,Mount Hope
509,2022703,Mount Hope
510,2022800,Pelham Parkway
514,2022901,Mount Hope
519,2022902,Mount Hope
522,2023000,Van Nest-Morris Park-Westchester Square
524,2023100,Mount Hope
525,2023200,Van Nest-Morris Park-Westchester Square
527,2023301,Mount Hope
531,2023302,Mount Hope
533,2023501,Mount Hope
536,2023502,Mount Hope
540,2023600,Van Nest-Morris Park-Westchester Square
542,2023702,Bedford Park-Fordham North
543,2023703,Fordham South
546,2023704,Fordham South
549,2023800,Van Nest-Morris Park-Westchester Square
552,2023900,Fordham South
558,2024000,Van Nest-Morris Park-Westchester Square
561,2024100,Mount Hope
566,2024300,University Heights-Morris Heights
570,2024400,Van Nest-Morris Park-Westchester Square
572,2024501,University Heights-Morris Heights
576,2024502,University Heights-Morris Heights
579,2024600,Pelham Parkway
581,2024700,University Heights-Morris Heights
583,2024800,Pelham Parkway
586,2024900,University Heights-Morris Heights
587,2025000,Pelham Parkway
589,2025100,University Heights-Morris Heights
596,2025200,Van Nest-Morris Park-Westchester Square
598,2025300,Kingsbridge Heights
602,2025400,Van Nest-Morris Park-Westchester Square
604,2025500,Kingsbridge Heights
607,2025600,Van Nest-Morris Park-Westchester Square
609,2025700,University Heights-Morris Heights
610,2026100,Kingsbridge Heights
611,2026300,Kingsbridge Heights
616,2026400,Schuylerville-Throgs Neck-Edgewater Park
620,2026500,Kingsbridge Heights
624,2026601,Pelham Bay-Country Club-City Island
627,2026602,Pelham Bay-Country Club-City Island
632,2026701,Van Cortlandt Village
635,2026702,Van Cortlandt Village
641,2026900,Kingsbridge Heights
644,2027300,Van Cortlandt Village
648,2027401,Pelham Bay-Country Club-City Island
652,2027402,Pelham Bay-Country Club-City Island
656,2027600,park-cemetery-etc-Bronx
658,2027700,Van Cortlandt Village
662,2027900,Van Cortlandt Village
668,2028100,Van Cortlandt Village
671,2028300,Spuyten Duyvil-Kingsbridge
673,2028400,Van Nest-Morris Park-Westchester Square
674,2028500,Spuyten Duyvil-Kingsbridge
678,2028600,Van Nest-Morris Park-Westchester Square
680,2028700,Spuyten Duyvil-Kingsbridge
683,2028800,Pelham Parkway
687,2028900,Spuyten Duyvil-Kingsbridge
691,2029301,Spuyten Duyvil-Kingsbridge
693,2029302,Spuyten Duyvil-Kingsbridge
697,2029500,Spuyten Duyvil-Kingsbridge
701,2029600,Pelham Parkway
703,2029700,Spuyten Duyvil-Kingsbridge
706,2030000,Pelham Bay-Country Club-City Island
712,2030100,Spuyten Duyvil-Kingsbridge
714,2030200,Co-op City
720,2030701,North Riverdale-Fieldston-Riverdale
724,2030900,North Riverdale-Fieldston-Riverdale
728,2031000,Allerton-Pelham Gardens
731,2031200,Allerton-Pelham Gardens
733,2031400,Allerton-Pelham Gardens
735,2031600,Allerton-Pelham Gardens
737,2031800,Allerton-Pelham Gardens
739,2031900,North Riverdale-Fieldston-Riverdale
740,2032300,North Riverdale-Fieldston-Riverdale
744,2032400,Bronxdale
746,2032600,Allerton-Pelham Gardens
749,2032800,Bronxdale
753,2033000,Bronxdale
757,2033201,Bronxdale
760,2033202,Bronxdale
764,2033400,park-cemetery-etc-Bronx
765,2033500,North Riverdale-Fieldston-Riverdale
768,2033600,Bronxdale
774,2033700,North Riverdale-Fieldston-Riverdale
777,2033800,Bronxdale
781,2034000,Bronxdale
785,2034200,Allerton-Pelham Gardens
787,2034300,North Riverdale-Fieldston-Riverdale
789,2034400,Allerton-Pelham Gardens
791,2034500,North Riverdale-Fieldston-Riverdale
794,2034800,Allerton-Pelham Gardens
798,2035000,Allerton-Pelham Gardens
800,2035100,North Riverdale-Fieldston-Riverdale
803,2035600,Eastchester-Edenwald-Baychester
805,2035800,Eastchester-Edenwald-Baychester
812,2035900,East Tremont
813,2036000,Allerton-Pelham Gardens
816,2036100,East Tremont
821,2036300,East Tremont
827,2036400,Eastchester-Edenwald-Baychester
830,2036501,East Tremont
833,2036502,East Tremont
835,2036700,East Tremont
837,2036800,Williamsbridge-Olinville
839,2036901,East Tremont
841,2036902,East Tremont
843,2037000,Williamsbridge-Olinville
846,2037100,East Tremont
850,2037200,Williamsbridge-Olinville
852,2037300,East Tremont
856,2037400,Williamsbridge-Olinville
860,2037504,East Tremont
863,2037600,Williamsbridge-Olinville
865,2037800,Williamsbridge-Olinville
868,2037900,Mount Hope
873,2038000,Williamsbridge-Olinville
877,2038100,Mount Hope
883,2038200,Williamsbridge-Olinville
885,2038301,Fordham South
888,2038302,Fordham South
891,2038500,Claremont-Bathgate
895,2038600,Eastchester-Edenwald-Baychester
903,2038700,Belmont
906,2038800,Williamsbridge-Olinville
908,2038900,Belmont
913,2039000,Williamsbridge-Olinville
915,2039100,Belmont
921,2039200,Williamsbridge-Olinville
923,2039300,Belmont
929,2039400,Williamsbridge-Olinville
933,2039500,Claremont-Bathgate
937,2039600,Williamsbridge-Olinville
941,2039700,Belmont
943,2039800,Williamsbridge-Olinville
946,2039901,Bedford Park-Fordham North
951,2039902,Bedford Park-Fordham North
956,2040100,Bedford Park-Fordham North
961,2040302,Bedford Park-Fordham North
964,2040303,Van Cortlandt Village
967,2040304,Van Cortlandt Village
970,2040400,Williamsbridge-Olinville
973,2040501,Bedford Park-Fordham North
976,2040502,Bedford Park-Fordham North
982,2040600,Williamsbridge-Olinville
985,2040701,Van Cortlandt Village
988,2040702,Bedford Park-Fordham North
993,2040800,Williamsbridge-Olinville
997,2040900,Van Cortlandt Village
999,2041100,Bedford Park-Fordham North
1002,2041300,Bedford Park-Fordham North
1009,2041400,Woodlawn-Wakefield
1013,2041500,Bedford Park-Fordham North
1019,2041800,Woodlawn-Wakefield
1023,2041900,Norwood
1030,2042000,Williamsbridge-Olinville
1033,2042100,Norwood
1038,2042200,Williamsbridge-Olinville
1040,2042300,Norwood
1043,2042400,Williamsbridge-Olinville
1045,2042500,Norwood
1052,2042600,Woodlawn-Wakefield
1058,2042800,Woodlawn-Wakefield
1060,2042901,Norwood
1063,2042902,Norwood
1066,2043000,Woodlawn-Wakefield
1069,2043100,Norwood
1077,2043400,Woodlawn-Wakefield
1081,2043500,park-cemetery-etc-Bronx
1082,2043600,Woodlawn-Wakefield
1084,2044200,Woodlawn-Wakefield
1089,2044400,Woodlawn-Wakefield
1093,2044800,Woodlawn-Wakefield
1095,2044901,Woodlawn-Wakefield
1097,2044902,Woodlawn-Wakefield
1099,2045101,Woodlawn-Wakefield
1101,2045102,Woodlawn-Wakefield
1103,2045600,Eastchester-Edenwald-Baychester
1106,2045800,Eastchester-Edenwald-Baychester
1110,2046000,Eastchester-Edenwald-Baychester
1112,2046201,Co-op City
1121,2046202,Co-op City
1127,2048400,Eastchester-Edenwald-Baychester
1131,2050400,park-cemetery-etc-Bronx
1133,2051600,Pelham Bay-Country Club-City Island
1138,3000100,Brooklyn Heights-Cobble Hill
1142,3000200,Sunset Park West
1143,3000301,Brooklyn Heights-Cobble Hill
1148,3000501,Brooklyn Heights-Cobble Hill
1151,3000502,Brooklyn Heights-Cobble Hill
1153,3000700,Brooklyn Heights-Cobble Hill
1156,3000900,Brooklyn Heights-Cobble Hill
1158,3001100,DUMBO-Vinegar Hill-Downtown Brooklyn-Boerum Hill
1159,3001300,DUMBO-Vinegar Hill-Downtown Brooklyn-Boerum Hill
1161,3001500,DUMBO-Vinegar Hill-Downtown Brooklyn-Boerum Hill
1164,3001800,Sunset Park West
1166,3002000,Sunset Park West
1168,3002100,DUMBO-Vinegar Hill-Downtown Brooklyn-Boerum Hill
1171,3002200,Sunset Park West
1174,3002300,DUMBO-Vinegar Hill-Downtown Brooklyn-Boerum Hill
1177,3002901,Fort Greene
1179,3003000,Bay Ridge
1181,3003100,Fort Greene
1184,3003300,Fort Greene
1186,3003400,Bay Ridge
1189,3003500,Fort Greene
1191,3003600,Bay Ridge
1194,3003700,DUMBO-Vinegar Hill-Downtown Brooklyn-Boerum Hill
1195,3003800,Bay Ridge
1196,3003900,DUMBO-Vinegar Hill-Downtown Brooklyn-Boerum Hill
1199,3004100,DUMBO-Vinegar Hill-Downtown Brooklyn-Boerum Hill
1202,3004300,DUMBO-Vinegar Hill-Downtown Brooklyn-Boerum Hill
1206,3004400,Bay Ridge
1208,3004500,Carroll Gardens-Columbia Street-Red Hook
1212,3004600,Bay Ridge
1213,3004700,Carroll Gardens-Columbia Street-Red Hook
1214,3004900,Carroll Gardens-Columbia Street-Red Hook
1217,3005000,Bay Ridge
1220,3005100,Carroll Gardens-Columbia Street-Red Hook
1223,3005201,Bay Ridge
1224,3005202,Bay Ridge
1226,3005300,Carroll Gardens-Columbia Street-Red Hook
1230,3005400,Bay Ridge
1233,3005601,Bay Ridge
1235,3005602,Bay Ridge
1236,3005800,Bay Ridge
1239,3005900,Carroll Gardens-Columbia Street-Red Hook
1241,3006000,Bay Ridge
1244,3006200,Bay Ridge
1247,3006300,Carroll Gardens-Columbia Street-Red Hook
1249,3006400,Bay Ridge
1252,3006500,Carroll Gardens-Columbia Street-Red Hook
1259,3006600,Bay Ridge
1262,3006700,Carroll Gardens-Columbia Street-Red Hook
1267,3006800,Bay Ridge
1271,3006900,DUMBO-Vinegar Hill-Downtown Brooklyn-Boerum Hill
1275,3007000,Bay Ridge
1277,3007100,DUMBO-Vinegar Hill-Downtown Brooklyn-Boerum Hill
1281,3007200,Sunset Park West
1282,3007400,Sunset Park West
1286,3007500,Carroll Gardens-Columbia Street-Red Hook
1291,3007600,Sunset Park West
1294,3007700,Carroll Gardens-Columbia Street-Red Hook
1298,3007800,Sunset Park West
1302,3008000,Sunset Park West
1305,3008200,Sunset Park West
1308,3008400,Sunset Park West
1311,3008500,Carroll Gardens-Columbia Street-Red Hook
1314,3008600,Sunset Park East
1315,3008800,Sunset Park East
1317,3009000,Sunset Park East
1319,3009200,Sunset Park East
1322,3009400,Sunset Park East
1325,3009600,Sunset Park East
1329,3009800,Sunset Park East
1333,3010000,Sunset Park East
1337,3010100,Sunset Park West
1340,3010200,Sunset Park East
1343,3010400,Sunset Park East
1346,3010600,Sunset Park East
1349,3010800,Sunset Park East
1352,3011000,Sunset Park East
1354,3011200,Sunset Park East
1358,3011400,Borough Park
1361,3011600,Borough Park
1364,3011700,Park Slope-Gowanus
1367,3011800,Sunset Park East
1369,3011900,Park Slope-Gowanus
1372,3012000,Sunset Park East
1373,3012100,Park Slope-Gowanus
1375,3012200,Sunset Park West
1378,3012600,Bay Ridge
1381,3012700,DUMBO-Vinegar Hill-Downtown Brooklyn-Boerum Hill
1384,3012801,Dyker Heights
1385,3012901,Park Slope-Gowanus
1388,3012902,Park Slope-Gowanus
1391,3013000,Bay Ridge
1395,3013100,Park Slope-Gowanus
1399,3013200,Dyker Heights
1401,3013300,Park Slope-Gowanus
1405,3013400,Bay Ridge
1408,3013500,Park Slope-Gowanus
1411,3013600,Bay Ridge
1415,3013700,Park Slope-Gowanus
1418,3013800,Bay Ridge
1421,3013900,Park Slope-Gowanus
1425,3014000,Dyker Heights
1427,3014100,Park Slope-Gowanus
1430,3014200,Bay Ridge
1433,3014300,Park Slope-Gowanus
1436,3014500,Sunset Park West
1440,3014700,Sunset Park West
1442,3014800,Dyker Heights
1444,3014900,Park Slope-Gowanus
1449,3015000,Dyker Heights
1451,3015100,Park Slope-Gowanus
1455,3015200,Dyker Heights
1458,3015300,Park Slope-Gowanus
1462,3015400,park-cemetery-etc-Brooklyn
1463,3015500,Park Slope-Gowanus
1467,3015700,Park Slope-Gowanus
1471,3015900,Park Slope-Gowanus
1476,3016000,Bay Ridge
1480,3016100,Prospect Heights
1483,3016200,Bay Ridge
1485,3016300,Prospect Heights
1488,3016400,Bay Ridge
1489,3016500,Park Slope-Gowanus
1493,3016600,Dyker Heights
1495,3016700,Park Slope-Gowanus
1499,3016800,Bath Beach
1500,3016900,Windsor Terrace
1505,3017000,Bath Beach
1508,3017100,Windsor Terrace
1512,3017200,Bath Beach
1514,3017400,Bath Beach
1516,3017500,park-cemetery-etc-Brooklyn
1517,3017600,Bath Beach
1519,3017700,park-cemetery-etc-Brooklyn
1520,3017800,Bath Beach
1522,3017900,Fort Greene
1525,3018000,Bath Beach
1527,3018100,Fort Greene
1531,3018200,Bensonhurst West
1533,3018300,Fort Greene
1536,3018400,Bensonhurst West
1538,3018501,Fort Greene
1542,3018600,Bensonhurst West
1544,3018700,Fort Greene
1545,3018800,Bensonhurst West
1547,3019000,Bensonhurst West
1550,3019100,Clinton Hill
1553,3019200,Borough Park
1555,3019300,Clinton Hill
1559,3019400,Dyker Heights
1562,3019500,Clinton Hill
1566,3019600,Dyker Heights
1569,3019700,Clinton Hill
1573,3019800,Dyker Heights
1575,3019900,Clinton Hill
1579,3020000,Dyker Heights
1581,3020100,Clinton Hill
1585,3020200,Dyker Heights
1587,3020300,Prospect Heights
1589,3020400,Dyker Heights
1591,3020500,Prospect Heights
1594,3020600,Dyker Heights
1596,3020700,Prospect Heights
1599,3020800,Dyker Heights
1602,3021000,Dyker Heights
1605,3021100,Fort Greene
1607,3021200,Dyker Heights
1610,3021300,Crown Heights South
1613,3021400,Borough Park
1615,3021500,Prospect Heights
1619,3021600,Borough Park
1622,3021700,Crown Heights North
1624,3021800,Borough Park
1627,3021900,Crown Heights North
1630,3022000,Borough Park
1634,3022100,Crown Heights North
1637,3022200,Borough Park
1640,3022400,Borough Park
1644,3022600,Borough Park
1646,3022700,Clinton Hill
1650,3022800,Borough Park
1653,3022900,Clinton Hill
1657,3023000,Borough Park
1660,3023100,Clinton Hill
1663,3023200,Borough Park
1668,3023300,Bedford
1671,3023400,Borough Park
1674,3023500,Clinton Hill
1676,3023600,Borough Park
1680,3023800,Borough Park
1683,3024000,Borough Park
1686,3024100,Bedford
1688,3024200,Borough Park
1690,3024300,Bedford
1693,3024400,Borough Park
1696,3024500,Bedford
1700,3024600,Borough Park
1703,3024700,Crown Heights North
1705,3024800,Bensonhurst West
1707,3024900,Bedford
1711,3025000,Bensonhurst West
1713,3025100,Bedford
1716,3025200,Bensonhurst West
1720,3025300,Bedford
1723,3025400,Bensonhurst West
1726,3025500,Bedford
1728,3025600,Bensonhurst West
1730,3025700,Bedford
1733,3025800,Bensonhurst West
1736,3025901,Bedford
1737,3025902,Bedford
1738,3026000,Bensonhurst West
1741,3026100,Bedford
1746,3026200,Bensonhurst West
1748,3026300,Bedford
1749,3026400,Bensonhurst West
1753,3026500,Bedford
1757,3026600,Bensonhurst West
1760,3026700,Bedford
1764,3026800,Bensonhurst West
1768,3026900,Bedford
1771,3027000,Bensonhurst West
1773,3027100,Crown Heights North
1775,3027200,Bensonhurst West
1778,3027300,Stuyvesant Heights
1781,3027400,Bensonhurst West
1783,3027500,Stuyvesant Heights
1787,3027600,Bensonhurst West
1790,3027700,Stuyvesant Heights
1794,3027800,Bensonhurst West
1796,3027900,Stuyvesant Heights
1800,3028000,Bath Beach
1802,3028100,Stuyvesant Heights
1805,3028200,Bath Beach
1808,3028300,Stuyvesant Heights
1811,3028400,Bensonhurst West
1814,3028501,Bushwick South
1815,3028502,Stuyvesant Heights
1816,3028600,Bath Beach
1821,3028700,Stuyvesant Heights
1824,3028800,Bensonhurst West
1827,3028900,Stuyvesant Heights
1831,3029000,Bensonhurst West
1834,3029100,Stuyvesant Heights
1837,3029200,Bath Beach
1839,3029300,Stuyvesant Heights
1843,3029400,Bensonhurst West
1844,3029500,Stuyvesant Heights
1848,3029600,Bensonhurst West
1852,3029700,Crown Heights North
1855,3029800,Bensonhurst East
1858,3029900,Crown Heights North
1860,3030000,Bensonhurst East
1862,3030100,Ocean Hill
1865,3030200,Bensonhurst East
1868,3030300,Ocean Hill
1871,3030400,Bensonhurst East
1874,3030500,Crown Heights North
1878,3030600,Gravesend
1879,3030700,Crown Heights North
1882,3030800,Gravesend
1883,3030900,Crown Heights North
1885,3031100,Crown Heights North
1888,3031300,Crown Heights North
1892,3031400,Gravesend
1897,3031500,Crown Heights North
1901,3031701,Crown Heights North
1904,3031702,Crown Heights North
1907,3031900,Crown Heights South
1910,3032100,Crown Heights South
1914,3032300,Crown Heights South
1917,3032500,Crown Heights South
1920,3032600,Seagate-Coney Island
1925,3032700,Prospect Lefferts Gardens-Wingate
1928,3032800,Seagate-Coney Island
1932,3032900,Prospect Lefferts Gardens-Wingate
1936,3033000,Seagate-Coney Island
1939,3033100,Crown Heights South
1942,3033300,Crown Heights South
1945,3033500,Crown Heights South
1948,3033600,Seagate-Coney Island
1953,3033700,Crown Heights North
1956,3033900,Crown Heights North
1960,3034000,Seagate-Coney Island
1962,3034100,Crown Heights North
1965,3034200,Seagate-Coney Island
1969,3034300,Crown Heights North
1972,3034500,Crown Heights North
1974,3034700,Crown Heights North
1977,3034800,Seagate-Coney Island
1979,3034900,Crown Heights North
1983,3035000,West Brighton
1985,3035100,Crown Heights North
1988,3035200,Seagate-Coney Island
1989,3035300,Crown Heights North
1992,3035400,West Brighton
1995,3035500,Crown Heights South
1998,3035601,West Brighton
1999,3035602,West Brighton
2002,3035700,Crown Heights North
2003,3035900,Crown Heights North
2007,3036001,Brighton Beach
2010,3036002,Brighton Beach
2012,3036100,Ocean Hill
2015,3036200,Brighton Beach
2018,3036300,Ocean Hill
2022,3036400,Brighton Beach
2024,3036501,Ocean Hill
2026,3036502,Ocean Hill
2027,3036600,Brighton Beach
2030,3036700,Ocean Hill
2032,3036900,Ocean Hill
2036,3037000,Brighton Beach
2040,3037100,Ocean Hill
2045,3037300,Ocean Hill
2049,3037401,Gravesend
2052,3037402,Gravesend
2056,3037500,Stuyvesant Heights
2059,3037700,Stuyvesant Heights
2063,3037900,Stuyvesant Heights
2066,3038100,Crown Heights North
2070,3038200,Gravesend
2073,3038300,Stuyvesant Heights
2077,3038500,Stuyvesant Heights
2081,3038600,Gravesend
2083,3038700,Stuyvesant Heights
2087,3038800,Homecrest
2091,3038900,Bushwick South
2094,3039000,Homecrest
2096,3039100,Bushwick South
2098,3039200,Homecrest
2100,3039300,Bushwick South
2103,3039400,Homecrest
2106,3039500,Bushwick South
2109,3039600,Homecrest
2111,3039700,Bushwick South
2114,3039800,Gravesend
2116,3039900,Bushwick South
2119,3040000,Bensonhurst East
2122,3040100,Bushwick South
2125,3040200,Bensonhurst East
2127,3040300,Bushwick South
2130,3040400,Bensonhurst East
2132,3040500,Bushwick South
2134,3040600,Bensonhurst East
2137,3040700,park-cemetery-etc-Brooklyn
2138,3040800,Bensonhurst East
2141,3040900,Bushwick North
2144,3041000,Bensonhurst East
2146,3041100,Bushwick South
2149,3041200,Bensonhurst East
2151,3041300,Bushwick South
2154,3041401,Homecrest
2156,3041402,Homecrest
2158,3041500,Bushwick South
2161,3041600,Homecrest
2163,3041700,Bushwick South
2167,3041800,Homecrest
2169,3041900,Bushwick South
2172,3042000,Homecrest
2174,3042100,Bushwick South
2178,3042200,Homecrest
2181,3042300,Bushwick South
2184,3042400,Bensonhurst East
2187,3042500,Bushwick South
2190,3042600,Bensonhurst East
2193,3042700,Bushwick North
2197,3042800,Bensonhurst East
2200,3042900,Bushwick North
2204,3043000,Bensonhurst East
2207,3043100,Bushwick North
2211,3043200,Bensonhurst East
2214,3043300,Bushwick North
2217,3043400,Bensonhurst East
2220,3043500,Bushwick North
2223,3043600,Bensonhurst East
2226,3043700,Bushwick North
2230,3043800,Ocean Parkway South
2232,3043900,Bushwick North
2235,3044000,Ocean Parkway South
2238,3044100,Bushwick North
2241,3044200,Ocean Parkway South
2243,3044300,Bushwick North
2247,3044400,Ocean Parkway South
2250,3044500,Bushwick North
2253,3044600,Borough Park
2255,3044700,Bushwick North
2257,3044800,Ocean Parkway South
2259,3044900,East Williamsburg
2263,3045000,Ocean Parkway South
2264,3045200,Ocean Parkway South
2266,3045300,Bushwick North
2268,3045400,Ocean Parkway South
2270,3045600,Midwood
2272,3045800,Midwood
2274,3046000,Flatbush
2277,3046201,Flatbush
2279,3046202,Ocean Parkway South
2281,3046400,Borough Park
2283,3046800,Borough Park
2284,3047000,Borough Park
2286,3047200,Borough Park
2289,3047400,Borough Park
2291,3047600,Borough Park
2294,3047700,East Williamsburg
2296,3047800,Borough Park
2299,3048000,Flatbush
2301,3048100,East Williamsburg
2304,3048200,Flatbush
2308,3048400,Kensington-Ocean Parkway
2311,3048500,Bushwick South
2313,3048600,Kensington-Ocean Parkway
2316,3048800,Kensington-Ocean Parkway
2319,3048900,Bushwick South
2322,3049000,Kensington-Ocean Parkway
2325,3049100,East Williamsburg
2329,3049200,Kensington-Ocean Parkway
2332,3049300,Bushwick South
2337,3049400,Kensington-Ocean Parkway
2341,3049500,East Williamsburg
2344,3049600,Kensington-Ocean Parkway
2347,3049700,East Williamsburg
2350,3049800,Kensington-Ocean Parkway
2353,3049900,Greenpoint
2355,3050000,Windsor Terrace
2358,3050100,East Williamsburg
2361,3050202,Windsor Terrace
2363,3050300,East Williamsburg
2366,3050400,Windsor Terrace
2369,3050500,East Williamsburg
2372,3050600,Flatbush
2376,3050700,Bedford
2377,3050801,Flatbush
2379,3050803,Flatbush
2380,3050804,Flatbush
2383,3050900,Williamsburg
2385,3051001,Flatbush
2387,3051002,Flatbush
2390,3051100,East Williamsburg
2393,3051200,Flatbush
2397,3051300,North Side-South Side
2401,3051400,Flatbush
2405,3051500,North Side-South Side
2406,3051601,Flatbush
2409,3051602,Flatbush
2411,3051700,North Side-South Side
2413,3051800,Flatbush
2416,3051900,North Side-South Side
2419,3052000,Flatbush
2422,3052300,North Side-South Side
2427,3052500,North Side-South Side
2429,3052600,Flatbush
2432,3052700,North Side-South Side
2439,3052800,Flatbush
2441,3052900,Williamsburg
2444,3053000,Midwood
2447,3053100,Bedford
2451,3053200,Midwood
2453,3053300,Williamsburg
2458,3053400,Midwood
2462,3053500,Williamsburg
2466,3053700,Williamsburg
2468,3053800,Midwood
2471,3053900,Williamsburg
2473,3054200,Midwood
2476,3054300,park-cemetery-etc-Brooklyn
2478,3054400,Midwood
2481,3054500,Williamsburg
2487,3054600,Midwood
2490,3054700,North Side-South Side
2493,3054800,Madison
2495,3054900,North Side-South Side
2497,3055000,Madison
2500,3055100,North Side-South Side
2504,3055200,Madison
2507,3055300,North Side-South Side
2510,3055400,Homecrest
2513,3055500,North Side-South Side
2514,3055600,Homecrest
2517,3055700,North Side-South Side
2519,3055800,Madison
2521,3056000,Madison
2524,3056100,Greenpoint
2528,3056200,Madison
2530,3056300,Greenpoint
2534,3056400,Madison
2537,3056500,Greenpoint
2540,3056600,Madison
2542,3056800,Madison
2544,3056900,Greenpoint
2546,3057000,Sheepshead Bay-Gerritsen Beach-Manhattan Beach
2550,3057100,Greenpoint
2554,3057200,Sheepshead Bay-Gerritsen Beach-Manhattan Beach
2556,3057300,Greenpoint
2559,3057400,Madison
2561,3057500,Greenpoint
2565,3057600,Madison
2567,3057800,Madison
2569,3057900,Greenpoint
2571,3058000,Madison
2573,3058200,Homecrest
2576,3058400,Homecrest
2578,3058600,Sheepshead Bay-Gerritsen Beach-Manhattan Beach
2580,3058800,Homecrest
2582,3058900,Greenpoint
2584,3059000,Sheepshead Bay-Gerritsen Beach-Manhattan Beach
2585,3059100,Greenpoint
2589,3059200,Sheepshead Bay-Gerritsen Beach-Manhattan Beach
2592,3059300,Greenpoint
2594,3059401,Sheepshead Bay-Gerritsen Beach-Manhattan Beach
2600,3059402,Sheepshead Bay-Gerritsen Beach-Manhattan Beach
2604,3059600,Sheepshead Bay-Gerritsen Beach-Manhattan Beach
2607,3059800,Sheepshead Bay-Gerritsen Beach-Manhattan Beach
2609,3060000,Sheepshead Bay-Gerritsen Beach-Manhattan Beach
2614,3060600,Sheepshead Bay-Gerritsen Beach-Manhattan Beach
2616,3060800,Sheepshead Bay-Gerritsen Beach-Manhattan Beach
2619,3061002,Brighton Beach
2621,3061003,Brighton Beach
2623,3061004,Brighton Beach
2628,3061200,Sheepshead Bay-Gerritsen Beach-Manhattan Beach
2629,3061600,Sheepshead Bay-Gerritsen Beach-Manhattan Beach
2630,3062000,Sheepshead Bay-Gerritsen Beach-Manhattan Beach
2632,3062200,Sheepshead Bay-Gerritsen Beach-Manhattan Beach
2634,3062600,Sheepshead Bay-Gerritsen Beach-Manhattan Beach
2636,3062800,Sheepshead Bay-Gerritsen Beach-Manhattan Beach
2640,3063200,Sheepshead Bay-Gerritsen Beach-Manhattan Beach
2642,3063600,Georgetown-Marine Park-Bergen Beach-Mill Basin
2643,3063800,Madison
2645,3064000,Georgetown-Marine Park-Bergen Beach-Mill Basin
2647,3064200,Madison
2649,3064400,Georgetown-Marine Park-Bergen Beach-Mill Basin
2651,3064600,Georgetown-Marine Park-Bergen Beach-Mill Basin
2653,3064800,Georgetown-Marine Park-Bergen Beach-Mill Basin
2655,3065000,Flatlands
2657,3065200,Georgetown-Marine Park-Bergen Beach-Mill Basin
2658,3065400,Georgetown-Marine Park-Bergen Beach-Mill Basin
2660,3065600,Georgetown-Marine Park-Bergen Beach-Mill Basin
2662,3065800,Georgetown-Marine Park-Bergen Beach-Mill Basin
2664,3066000,Georgetown-Marine Park-Bergen Beach-Mill Basin
2666,3066200,Georgetown-Marine Park-Bergen Beach-Mill Basin
2667,3066600,park-cemetery-etc-Brooklyn
2668,3067000,Georgetown-Marine Park-Bergen Beach-Mill Basin
2670,3067200,Flatlands
2671,3067400,Flatlands
2673,3067600,Flatlands
2675,3067800,Flatlands
2677,3068000,Flatlands
2679,3068200,Flatlands
2681,3068600,Georgetown-Marine Park-Bergen Beach-Mill Basin
2683,3068800,Flatlands
2685,3069000,Flatlands
2687,3069200,Flatlands
2689,3069601,Georgetown-Marine Park-Bergen Beach-Mill Basin
2691,3069602,Georgetown-Marine Park-Bergen Beach-Mill Basin
2694,3069800,Georgetown-Marine Park-Bergen Beach-Mill Basin
2696,3070000,Georgetown-Marine Park-Bergen Beach-Mill Basin
2698,3070201,Georgetown-Marine Park-Bergen Beach-Mill Basin
2703,3070202,park-cemetery-etc-Brooklyn
2705,3070600,Georgetown-Marine Park-Bergen Beach-Mill Basin
2707,3072000,Flatlands
2708,3072200,Flatlands
2710,3072400,Flatlands
2712,3072600,Flatlands
2713,3072800,Flatlands
2715,3073000,Flatlands
2717,3073200,Flatlands
2719,3073400,Flatlands
2721,3073600,Flatlands
2724,3073800,Flatlands
2727,3074000,Flatlands
2729,3074200,Flatlands
2731,3074400,Flatlands
2733,3074600,Flatlands
2735,3074800,Midwood
2737,3075000,Midwood
2739,3075200,Midwood
2740,3075400,Midwood
2742,3075600,Midwood
2744,3075800,Midwood
2746,3076000,Midwood
2749,3076200,Midwood
2752,3076400,Flatbush
2755,3076600,Flatbush
2756,3076800,Midwood
2759,3077000,Flatbush
2761,3077200,Flatbush
2763,3077400,Flatbush
2765,3077600,Flatlands
2768,3078000,East Flatbush-Farragut
2770,3078200,East Flatbush-Farragut
2772,3078400,East Flatbush-Farragut
2774,3078600,Flatbush
2777,3078800,Flatbush
2780,3079000,Erasmus
2784,3079200,Erasmus
2787,3079400,Erasmus
2789,3079601,Prospect Lefferts Gardens-Wingate
2791,3079602,Prospect Lefferts Gardens-Wingate
2793,3079801,Prospect Lefferts Gardens-Wingate
2795,3079802,Prospect Lefferts Gardens-Wingate
2798,3080000,Prospect Lefferts Gardens-Wingate
2801,3080200,Prospect Lefferts Gardens-Wingate
2804,3080400,Prospect Lefferts Gardens-Wingate
2807,3080600,Prospect Lefferts Gardens-Wingate
2809,3080800,Prospect Lefferts Gardens-Wingate
2810,3081000,Prospect Lefferts Gardens-Wingate
2812,3081400,East Flatbush-Farragut
2814,3081600,East Flatbush-Farragut
2816,3081800,Erasmus
2819,3082000,Prospect Lefferts Gardens-Wingate
2822,3082200,Prospect Lefferts Gardens-Wingate
2826,3082400,Erasmus
2830,3082600,Erasmus
2834,3082800,Erasmus
2837,3083000,East Flatbush-Farragut
2841,3083200,East Flatbush-Farragut
2843,3083400,East Flatbush-Farragut
2845,3083600,East Flatbush-Farragut
2847,3083800,East Flatbush-Farragut
2849,3084000,East Flatbush-Farragut
2851,3084600,Rugby-Remsen Village
2853,3084800,Rugby-Remsen Village
2855,3085000,East Flatbush-Farragut
2856,3085200,park-cemetery-etc-Brooklyn
2857,3085400,East Flatbush-Farragut
2859,3085600,East Flatbush-Farragut
2862,3085800,East Flatbush-Farragut
2864,3086000,East Flatbush-Farragut
2867,3086200,Rugby-Remsen Village
2870,3086400,Rugby-Remsen Village
2872,3086600,Rugby-Remsen Village
2875,3086800,Rugby-Remsen Village
2878,3087000,East Flatbush-Farragut
2881,3087200,East Flatbush-Farragut
2884,3087401,Prospect Lefferts Gardens-Wingate
2886,3087600,Prospect Lefferts Gardens-Wingate
2888,3087800,Prospect Lefferts Gardens-Wingate
2891,3088000,Prospect Lefferts Gardens-Wingate
2894,3088200,Rugby-Remsen Village
2898,3088400,Rugby-Remsen Village
2901,3088600,Rugby-Remsen Village
2904,3088800,Rugby-Remsen Village
2907,3089000,Rugby-Remsen Village
2913,3089200,Brownsville
2917,3089400,Brownsville
2921,3089600,Brownsville
2924,3089800,Brownsville
2926,3090000,Brownsville
2933,3090200,Brownsville
2938,3090600,Brownsville
2941,3090800,Brownsville
2944,3091000,Brownsville
2948,3091200,Brownsville
2951,3091600,Brownsville
2955,3091800,Brownsville
2957,3092000,Brownsville
2960,3092200,Brownsville
2962,3092400,Brownsville
2965,3092800,Rugby-Remsen Village
2967,3093000,Rugby-Remsen Village
2969,3093200,East Flatbush-Farragut
2970,3093400,Rugby-Remsen Village
2972,3093600,Rugby-Remsen Village
2974,3093800,Rugby-Remsen Village
2976,3094401,Flatlands
2980,3094402,Flatlands
2981,3094600,Rugby-Remsen Village
2984,3095000,Canarsie
2986,3095400,Canarsie
2989,3095600,Canarsie
2991,3095800,Canarsie
2993,3096000,Canarsie
2994,3096200,Canarsie
2995,3096400,Canarsie
2997,3096600,Canarsie
2999,3096800,Canarsie
3001,3097000,Canarsie
3003,3097400,Canarsie
3005,3098200,Canarsie
3007,3098400,Canarsie
3008,3098600,Canarsie
3010,3098800,Canarsie
3012,3099000,Canarsie
3013,3099200,Canarsie
3014,3099400,Canarsie
3015,3099600,Canarsie
3017,3099800,Canarsie
3019,3100400,Canarsie
3020,3100600,Canarsie
3022,3100800,Canarsie
3024,3101000,Canarsie
3026,3101200,Canarsie
3028,3101400,Canarsie
3030,3101600,Canarsie
3031,3101800,Canarsie
3032,3102000,Canarsie
3033,3102200,Canarsie
3034,3102400,Canarsie
3035,3102600,Canarsie
3036,3102800,Canarsie
3038,3103400,Canarsie
3039,3105801,Starrett City
3042,3105804,Starrett City
3046,3107000,East New York
3048,3107800,East New York
3052,3109800,East New York
3054,3110400,East New York
3058,3110600,East New York
3060,3111000,East New York
3062,3111600,East New York
3064,3111800,East New York
3066,3112000,East New York
3068,3112200,East New York (Pennsylvania Ave)
3070,3112400,East New York
3073,3112600,East New York (Pennsylvania Ave)
3076,3112800,East New York (Pennsylvania Ave)
3079,3113000,East New York (Pennsylvania Ave)
3083,3113200,East New York (Pennsylvania Ave)
3085,3113400,East New York (Pennsylvania Ave)
3088,3114201,Cypress Hills-City Line
3090,3114202,Cypress Hills-City Line
3092,3114400,East New York (Pennsylvania Ave)
3096,3114600,Cypress Hills-City Line
3098,3115000,East New York
3101,3115200,East New York
3104,3115600,East New York (Pennsylvania Ave)
3108,3115800,East New York (Pennsylvania Ave)
3111,3116000,East New York
3114,3116200,East New York
3117,3116400,East New York
3120,3116600,East New York
3123,3116800,East New York
3125,3117000,East New York
3127,3117201,Cypress Hills-City Line
3129,3117202,Cypress Hills-City Line
3131,3117400,Cypress Hills-City Line
3133,3117601,Cypress Hills-City Line
3135,3117602,Cypress Hills-City Line
3137,3117800,Cypress Hills-City Line
3138,3118000,park-cemetery-etc-Brooklyn
3139,3118201,Cypress Hills-City Line
3141,3118202,Cypress Hills-City Line
3143,3118400,Cypress Hills-City Line
3146,3118600,Cypress Hills-City Line
3148,3118800,Cypress Hills-City Line
3151,3119000,Cypress Hills-City Line
3153,3119200,East New York
3156,3119400,East New York
3159,3119600,East New York
3163,3119800,East New York
3166,3120000,East New York
3168,3120200,Cypress Hills-City Line
3170,3120800,East New York
3175,3121000,East New York
3177,3121400,East New York
3179,3122000,East New York
3181,3123700,Bedford
3184,3150200,Windsor Terrace
3187,3152200,Flatbush
3190,1000201,Lower East Side
3192,1000202,Lower East Side
3197,1000500,park-cemetery-etc-Manhattan
3199,1000600,Lower East Side
3205,1000700,Battery Park City-Lower Manhattan
3208,1000800,Chinatown
3214,1000900,Battery Park City-Lower Manhattan
3215,1001001,Lower East Side
3216,1001002,Lower East Side
3219,1001200,Lower East Side
3222,1001300,Battery Park City-Lower Manhattan
3224,1001401,Lower East Side
3226,1001402,Lower East Side
3228,1001501,Battery Park City-Lower Manhattan
3231,1001502,Battery Park City-Lower Manhattan
3234,1001600,Chinatown
3239,1001800,Chinatown
3246,1002000,Lower East Side
3249,1002100,SoHo-TriBeCa-Civic Center-Little Italy
3251,1002201,Lower East Side
3255,1002202,Lower East Side
3256,1002400,Lower East Side
3258,1002500,Chinatown
3261,1002601,Lower East Side
3263,1002602,Lower East Side
3265,1002700,Chinatown
3266,1002800,Lower East Side
3270,1002900,Chinatown
3274,1003001,Chinatown
3278,1003002,East Village
3280,1003100,SoHo-TriBeCa-Civic Center-Little Italy
3281,1003200,East Village
3288,1003300,SoHo-TriBeCa-Civic Center-Little Italy
3291,1003400,East Village
3295,1003601,Chinatown
3298,1003602,East Village
3300,1003700,SoHo-TriBeCa-Civic Center-Little Italy
3303,1003800,East Village
3310,1003900,SoHo-TriBeCa-Civic Center-Little Italy
3314,1004000,East Village
3320,1004100,SoHo-TriBeCa-Civic Center-Little Italy
3326,1004200,East Village
3328,1004300,SoHo-TriBeCa-Civic Center-Little Italy
3331,1004400,Stuyvesant Town-Cooper Village
3339,1004500,SoHo-TriBeCa-Civic Center-Little Italy
3340,1004700,SoHo-TriBeCa-Civic Center-Little Italy
3342,1004800,Gramercy
3349,1004900,SoHo-TriBeCa-Civic Center-Little Italy
3352,1005000,Gramercy
3357,1005200,Hudson Yards-Chelsea-Flatiron-Union Square
3359,1005400,Hudson Yards-Chelsea-Flatiron-Union Square
3362,1005501,West Village
3365,1005502,West Village
3367,1005600,Hudson Yards-Chelsea-Flatiron-Union Square
3370,1005700,West Village
3372,1005800,Hudson Yards-Chelsea-Flatiron-Union Square
3373,1005900,West Village
3378,1006000,Stuyvesant Town-Cooper Village
3381,1006100,West Village
3384,1006200,Murray Hill-Kips Bay
3386,1006300,West Village
3391,1006400,Gramercy
3397,1006500,West Village
3402,1006600,Murray Hill-Kips Bay
3411,1006700,West Village
3415,1006800,Gramercy
3421,1006900,West Village
3422,1007000,Murray Hill-Kips Bay
3428,1007100,West Village
3433,1007200,Murray Hill-Kips Bay
3440,1007300,West Village
3446,1007400,Midtown-Midtown South
3449,1007500,West Village
3452,1007600,Midtown-Midtown South
3454,1007700,West Village
3459,1007800,Murray Hill-Kips Bay
3466,1007900,West Village
3470,1008000,Murray Hill-Kips Bay
3475,1008100,Hudson Yards-Chelsea-Flatiron-Union Square
3481,1008200,Murray Hill-Kips Bay
3484,1008300,Hudson Yards-Chelsea-Flatiron-Union Square
3487,1008400,Midtown-Midtown South
3489,1008601,Turtle Bay-East Midtown
3491,1008602,Turtle Bay-East Midtown
3492,1008603,Turtle Bay-East Midtown
3496,1008700,Hudson Yards-Chelsea-Flatiron-Union Square
3501,1008800,Turtle Bay-East Midtown
3508,1008900,Hudson Yards-Chelsea-Flatiron-Union Square
3513,1009000,Turtle Bay-East Midtown
3519,1009100,Hudson Yards-Chelsea-Flatiron-Union Square
3523,1009200,Turtle Bay-East Midtown
3524,1009300,Hudson Yards-Chelsea-Flatiron-Union Square
3531,1009400,Midtown-Midtown South
3532,1009500,Midtown-Midtown South
3534,1009600,Midtown-Midtown South
3535,1009700,Hudson Yards-Chelsea-Flatiron-Union Square
3539,1009800,Turtle Bay-East Midtown
3546,1009900,Hudson Yards-Chelsea-Flatiron-Union Square
3547,1010000,Turtle Bay-East Midtown
3549,1010100,Midtown-Midtown South
3550,1010200,Midtown-Midtown South
3551,1010300,Hudson Yards-Chelsea-Flatiron-Union Square
3552,1010400,Midtown-Midtown South
3553,1010601,Turtle Bay-East Midtown
3559,1010602,Lenox Hill-Roosevelt Island
3562,1010800,Turtle Bay-East Midtown
3569,1010900,Midtown-Midtown South
3570,1011000,Lenox Hill-Roosevelt Island
3576,1011100,Hudson Yards-Chelsea-Flatiron-Union Square
3579,1011201,Midtown-Midtown South
3580,1011202,Midtown-Midtown South
3581,1011203,Turtle Bay-East Midtown
3583,1011300,Midtown-Midtown South
3584,1011401,Upper East Side-Carnegie Hill
3586,1011402,Upper East Side-Carnegie Hill
3588,1011500,Clinton
3590,1011600,Lenox Hill-Roosevelt Island
3593,1011700,Hudson Yards-Chelsea-Flatiron-Union Square
3594,1011800,Lenox Hill-Roosevelt Island
3602,1011900,Midtown-Midtown South
3604,1012000,Upper East Side-Carnegie Hill
3608,1012100,Clinton
3614,1012200,Upper East Side-Carnegie Hill
3618,1012400,Lenox Hill-Roosevelt Island
3626,1012500,Midtown-Midtown South
3628,1012600,Lenox Hill-Roosevelt Island
3636,1012700,Clinton
3641,1012800,Upper East Side-Carnegie Hill
3646,1012900,Clinton
3648,1013000,Upper East Side-Carnegie Hill
3652,1013100,Midtown-Midtown South
3654,1013200,Lenox Hill-Roosevelt Island
3661,1013300,Clinton
3666,1013400,Lenox Hill-Roosevelt Island
3675,1013500,Clinton
3677,1013600,Yorkville
3685,1013700,Midtown-Midtown South
3691,1013800,Yorkville
3700,1013900,Clinton
3707,1014000,Upper East Side-Carnegie Hill
3713,1014200,Upper East Side-Carnegie Hill
3719,1014300,park-cemetery-etc-Manhattan
3720,1014401,Yorkville
3724,1014402,Yorkville
3729,1014500,Lincoln Square
3733,1014601,Yorkville
3737,1014602,Yorkville
3743,1014700,Lincoln Square
3744,1014801,Upper East Side-Carnegie Hill
3746,1014802,Upper East Side-Carnegie Hill
3751,1014900,Lincoln Square
3756,1015001,Upper East Side-Carnegie Hill
3758,1015002,Upper East Side-Carnegie Hill
3762,1015100,Lincoln Square
3766,1015200,Yorkville
3772,1015300,Lincoln Square
3779,1015400,Yorkville
3788,1015500,Lincoln Square
3794,1015601,Yorkville
3798,1015602,East Harlem South
3799,1015700,Lincoln Square
3807,1015801,Upper East Side-Carnegie Hill
3811,1015802,East Harlem South
3813,1015900,Lincoln Square
3820,1016001,Upper East Side-Carnegie Hill
3824,1016002,East Harlem South
3826,1016100,Upper West Side
3832,1016200,park-cemetery-etc-Manhattan
3838,1016300,Upper West Side
3843,1016400,East Harlem South
3847,1016500,Upper West Side
3852,1016600,East Harlem South
3858,1016700,Upper West Side
3863,1016800,East Harlem South
3866,1016900,Upper West Side
3872,1017000,East Harlem South
3877,1017100,Upper West Side
3883,1017200,East Harlem South
3888,1017300,Upper West Side
3895,1017401,East Harlem South
3898,1017402,East Harlem South
3899,1017500,Upper West Side
3906,1017700,Upper West Side
3914,1017800,East Harlem North
3917,1017900,Upper West Side
3924,1018000,East Harlem North
3928,1018100,Upper West Side
3934,1018200,East Harlem North
3939,1018300,Upper West Side
3946,1018400,East Harlem North
3950,1018500,Upper West Side
3953,1018600,Central Harlem South
3956,1018700,Upper West Side
3962,1018800,East Harlem North
3966,1018900,Upper West Side
3972,1019000,Central Harlem South
3973,1019100,Upper West Side
3979,1019200,East Harlem North
3982,1019300,Morningside Heights
3988,1019400,East Harlem North
3992,1019500,Morningside Heights
3997,1019600,East Harlem North
4000,1019701,Morningside Heights
4001,1019702,Central Harlem South
4002,1019800,East Harlem North
4004,1019900,Morningside Heights
4010,1020000,Central Harlem South
4012,1020101,Morningside Heights
4013,1020102,Central Harlem South
4017,1020300,Morningside Heights
4019,1020500,Morningside Heights
4022,1020600,Central Harlem North-Polo Grounds
4024,1020701,Morningside Heights
4026,1020800,Central Harlem North-Polo Grounds
4029,1020901,Morningside Heights
4031,1021000,East Harlem North
4035,1021100,Morningside Heights
4042,1021200,Central Harlem North-Polo Grounds
4046,1021303,Manhattanville
4050,1021400,Central Harlem North-Polo Grounds
4052,1021500,Central Harlem North-Polo Grounds
4054,1021600,Central Harlem South
4059,1021703,Manhattanville
4060,1021800,Central Harlem South
4064,1021900,Manhattanville
4068,1022000,Central Harlem South
4073,1022102,Central Harlem North-Polo Grounds
4075,1022200,Central Harlem South
4077,1022301,Manhattanville
4081,1022302,Manhattanville
4082,1022400,Central Harlem North-Polo Grounds
4086,1022500,Hamilton Heights
4091,1022600,Central Harlem North-Polo Grounds
4094,1022700,Hamilton Heights
4097,1022800,Central Harlem North-Polo Grounds
4101,1022900,Hamilton Heights
4106,1023000,Central Harlem North-Polo Grounds
4111,1023100,Hamilton Heights
4114,1023200,Central Harlem North-Polo Grounds
4118,1023300,Hamilton Heights
4121,1023400,Central Harlem North-Polo Grounds
4123,1023501,Hamilton Heights
4127,1023502,Central Harlem North-Polo Grounds
4128,1023600,Central Harlem North-Polo Grounds
4132,1023700,Hamilton Heights
4135,1023801,Lenox Hill-Roosevelt Island
4136,1023802,Lenox Hill-Roosevelt Island
4138,1023900,Washington Heights South
4140,1024000,park-cemetery-etc-Manhattan
4141,1024100,Washington Heights South
4146,1024200,East Harlem North
4149,1024301,Washington Heights South
4152,1024302,Central Harlem North-Polo Grounds
4155,1024500,Washington Heights South
4162,1024700,Washington Heights South
4167,1024900,Washington Heights South
4168,1025100,Washington Heights South
4170,1025300,Washington Heights South
4176,1025500,Washington Heights South
4180,1025700,Central Harlem South
4183,1025900,Central Harlem North-Polo Grounds
4185,1026100,Washington Heights South
4192,1026300,Washington Heights South
4197,1026500,Washington Heights South
4202,1026700,Washington Heights North
4203,1026900,Washington Heights North
4209,1027100,Washington Heights North
4214,1027300,Washington Heights North
4218,1027500,Washington Heights North
4220,1027700,Washington Heights North
4224,1027900,Washington Heights North
4231,1028100,Washington Heights North
4233,1028300,Washington Heights North
4237,1028500,Washington Heights North
4241,1028700,Washington Heights North
4244,1029100,Marble Hill-Inwood
4251,1029300,Marble Hill-Inwood
4256,1029500,Marble Hill-Inwood
4260,1029700,park-cemetery-etc-Manhattan
4261,1029900,Marble Hill-Inwood
4263,1030300,Marble Hill-Inwood
4266,1030700,Marble Hill-Inwood
4269,1030900,Marble Hill-Inwood
4273,1031100,park-cemetery-etc-Manhattan
4274,1031703,Battery Park City-Lower Manhattan
4276,1031704,Battery Park City-Lower Manhattan
4280,1031900,park-cemetery-etc-Manhattan
4281,4000100,Hunters Point-Sunnyside-West Maspeth
4282,4000200,Woodhaven
4284,4000400,Woodhaven
4287,4000600,Woodhaven
4290,4000700,Hunters Point-Sunnyside-West Maspeth
4294,4000800,Woodhaven
4296,4001000,Woodhaven
4298,4001200,Woodhaven
4301,4001400,Woodhaven
4304,4001600,Woodhaven
4306,4001800,Woodhaven
4308,4001900,Hunters Point-Sunnyside-West Maspeth
4309,4002000,Woodhaven
4310,4002200,Woodhaven
4312,4002400,Richmond Hill
4314,4002500,Queensbridge-Ravenswood-Long Island City
4320,4002600,Richmond Hill
4322,4002800,Richmond Hill
4324,4003000,Woodhaven
4325,4003100,Queensbridge-Ravenswood-Long Island City
4327,4003200,Woodhaven
4328,4003300,Queensbridge-Ravenswood-Long Island City
4332,4003400,Woodhaven
4334,4003600,Woodhaven
4336,4003700,Queensbridge-Ravenswood-Long Island City
4337,4003800,Woodhaven
4339,4003900,Queensbridge-Ravenswood-Long Island City
4340,4004001,Woodhaven
4342,4004002,Ozone Park
4343,4004200,Woodhaven
4346,4004300,Queensbridge-Ravenswood-Long Island City
4348,4004401,Ozone Park
4350,4004500,Astoria
4353,4004700,Astoria
4355,4005000,Ozone Park
4356,4005100,Queensbridge-Ravenswood-Long Island City
4358,4005200,Woodhaven
4360,4005300,Astoria
4364,4005400,Ozone Park
4368,4005500,Queensbridge-Ravenswood-Long Island City
4369,4005700,Astoria
4372,4005800,Ozone Park
4376,4005900,Astoria
4379,4006100,Astoria
4383,4006201,Lindenwood-Howard Beach
4385,4006202,Lindenwood-Howard Beach
4392,4006300,Astoria
4396,4006501,Astoria
4399,4006502,Astoria
4402,4006900,Old Astoria
4405,4007100,Old Astoria
4409,4007300,Old Astoria
4412,4007500,Astoria
4415,4007700,Astoria
4416,4007900,Old Astoria
4418,4008100,Old Astoria
4419,4008300,Old Astoria
4421,4008500,Queensbridge-Ravenswood-Long Island City
4423,4008600,Ozone Park
4425,4008700,Old Astoria
4428,4008800,Ozone Park
4430,4009100,Old Astoria
4432,4009400,South Ozone Park
4434,4009500,Steinway
4436,4009600,South Ozone Park
4438,4009700,Steinway
4442,4009800,South Ozone Park
4444,4009900,park-cemetery-etc-Queens
4445,4010000,South Ozone Park
4447,4010100,Steinway
4449,4010200,South Ozone Park
4451,4010300,Steinway
4455,4010400,South Ozone Park
4457,4010500,Steinway
4461,4010600,South Ozone Park
4463,4010701,Steinway
4464,4010800,Richmond Hill
4466,4011000,Richmond Hill
4468,4011100,Steinway
4470,4011200,Richmond Hill
4472,4011300,Steinway
4475,4011400,Richmond Hill
4476,4011500,Steinway
4478,4011600,Richmond Hill
4480,4011700,Steinway
4484,4011800,Richmond Hill
4486,4011900,Steinway
4488,4012000,Richmond Hill
4490,4012100,Steinway
4492,4012200,Richmond Hill
4494,4012301,Steinway
4497,4012400,Richmond Hill
4499,4012500,Steinway
4501,4012601,Richmond Hill
4503,4012602,Richmond Hill
4505,4012800,Richmond Hill
4507,4013000,Richmond Hill
4509,4013200,Richmond Hill
4511,4013400,Kew Gardens
4515,4013500,Steinway
4516,4013600,Kew Gardens
4518,4013700,Steinway
4519,4013800,Kew Gardens
4521,4014000,Kew Gardens
4523,4014100,Astoria
4525,4014201,Richmond Hill
4527,4014202,Richmond Hill
4529,4014300,Astoria
4531,4014400,Richmond Hill
4532,4014500,Astoria
4534,4014700,Astoria
4537,4014800,Richmond Hill
4538,4014900,Astoria
4540,4015000,Richmond Hill
4542,4015100,Astoria
4544,4015200,Richmond Hill
4546,4015300,Astoria
4548,4015400,Richmond Hill
4550,4015500,Astoria
4552,4015600,Richmond Hill
4554,4015700,Astoria
4555,4015801,South Ozone Park
4558,4015802,South Ozone Park
4561,4015900,Astoria
4565,4016100,Astoria
4567,4016300,Astoria
4570,4016400,South Ozone Park
4572,4016600,South Ozone Park
4574,4016800,South Ozone Park
4576,4016900,Hunters Point-Sunnyside-West Maspeth
4580,4017000,South Ozone Park
4582,4017100,Hunters Point-Sunnyside-West Maspeth
4583,4017200,South Ozone Park
4585,4017400,South Ozone Park
4587,4017600,South Ozone Park
4589,4017800,South Ozone Park
4591,4017900,Hunters Point-Sunnyside-West Maspeth
4593,4018000,South Ozone Park
4594,4018101,Hunters Point-Sunnyside-West Maspeth
4597,4018102,Hunters Point-Sunnyside-West Maspeth
4600,4018200,Baisley Park
4602,4018300,Hunters Point-Sunnyside-West Maspeth
4607,4018401,Baisley Park
4608,4018402,Baisley Park
4610,4018501,Hunters Point-Sunnyside-West Maspeth
4613,4018502,Hunters Point-Sunnyside-West Maspeth
4616,4018600,Baisley Park
4617,4018700,Hunters Point-Sunnyside-West Maspeth
4620,4018800,Baisley Park
4621,4018900,Hunters Point-Sunnyside-West Maspeth
4624,4019000,Baisley Park
4626,4019200,Baisley Park
4628,4019400,South Jamaica
4630,4019600,South Jamaica
4632,4019800,South Jamaica
4635,4019900,Hunters Point-Sunnyside-West Maspeth
4637,4020200,South Jamaica
4638,4020400,Jamaica
4640,4020500,Hunters Point-Sunnyside-West Maspeth
4642,4020600,Jamaica
4643,4020800,Jamaica
4645,4021200,Jamaica
4647,4021400,Briarwood-Jamaica Hills
4650,4021600,Kew Gardens
4653,4021900,Hunters Point-Sunnyside-West Maspeth
4654,4022001,Briarwood-Jamaica Hills
4658,4022002,Briarwood-Jamaica Hills
4662,4022900,park-cemetery-etc-Queens
4663,4023000,Briarwood-Jamaica Hills
4665,4023200,Briarwood-Jamaica Hills
4668,4023500,Hunters Point-Sunnyside-West Maspeth
4672,4023600,Briarwood-Jamaica Hills
4674,4023800,Jamaica
4678,4024000,Jamaica
4681,4024300,Elmhurst-Maspeth
4685,4024500,Woodside
4689,4024600,Jamaica
4690,4024700,Woodside
4691,4024900,Woodside
4694,4025100,Woodside
4698,4025301,Hunters Point-Sunnyside-West Maspeth
4702,4025302,Hunters Point-Sunnyside-West Maspeth
4704,4025400,South Jamaica
4710,4025500,Woodside
4711,4025700,Woodside
4712,4025800,South Jamaica
4714,4025900,Woodside
4716,4026000,South Jamaica
4718,4026100,Woodside
4722,4026200,South Jamaica
4723,4026300,Woodside
4726,4026400,South Jamaica
4728,4026500,Elmhurst-Maspeth
4730,4026600,South Jamaica
4731,4026700,Elmhurst
4734,4026901,Elmhurst
4738,4026902,Elmhurst
4740,4027000,South Jamaica
4741,4027100,Elmhurst
4746,4027200,Baisley Park
4748,4027300,Jackson Heights
4753,4027400,Baisley Park
4754,4027500,Jackson Heights
4757,4027600,Baisley Park
4758,4027700,Jackson Heights
4763,4027800,Baisley Park
4765,4027900,Jackson Heights
4769,4028000,St. Albans
4770,4028100,Jackson Heights
4774,4028200,St. Albans
4775,4028300,Jackson Heights
4780,4028400,Baisley Park
4782,4028500,Jackson Heights
4786,4028700,Jackson Heights
4790,4028800,Baisley Park
4794,4028900,Jackson Heights
4797,4029100,Jackson Heights
4801,4029300,Woodside
4802,4029400,Springfield Gardens North
4808,4029500,Woodside
4810,4029700,Woodside
4812,4029900,park-cemetery-etc-Queens
4813,4030600,Springfield Gardens South-Brookville
4817,4030902,Jackson Heights
4822,4030903,Jackson Heights
4825,4030904,Jackson Heights
4827,4031700,Steinway
4831,4032000,Springfield Gardens South-Brookville
4835,4032700,Jackson Heights
4837,4032800,Laurelton
4839,4032900,Jackson Heights
4842,4033000,Springfield Gardens North
4847,4033100,Airport
4849,4033401,St. Albans
4851,4033402,Springfield Gardens North
4857,4033700,Jackson Heights
4859,4033900,Jackson Heights
4862,4034700,Jackson Heights
4864,4035100,Jackson Heights
4867,4035200,St. Albans
4869,4035300,East Elmhurst
4871,4035700,East Elmhurst
4874,4035800,Laurelton
4878,4036100,East Elmhurst
4880,4036300,East Elmhurst
4882,4036500,East Elmhurst
4884,4036600,St. Albans
4886,4036700,East Elmhurst
4888,4036800,St. Albans
4890,4037100,East Elmhurst
4891,4037300,East Elmhurst
4893,4037500,North Corona
4895,4037600,St. Albans
4900,4037700,North Corona
4902,4037900,North Corona
4905,4038100,North Corona
4908,4038301,park-cemetery-etc-Queens
4909,4038302,park-cemetery-etc-Queens
4910,4038400,St. Albans
4912,4039400,St. Albans
4915,4039800,St. Albans
4917,4039900,Corona
4920,4040000,St. Albans
4922,4040100,North Corona
4925,4040200,St. Albans
4927,4040300,North Corona
4930,4040400,St. Albans
4934,4040500,North Corona
4936,4040700,North Corona
4941,4040900,North Corona
4945,4041100,Corona
4947,4041300,Corona
4949,4041400,South Jamaica
4952,4041500,Corona
4954,4042400,St. Albans
4957,4042600,St. Albans
4958,4042700,Corona
4960,4043200,St. Albans
4961,4043400,South Jamaica
4962,4043701,Corona
4964,4043702,Corona
4967,4043900,Corona
4969,4044000,South Jamaica
4972,4044301,Corona
4974,4044302,Corona
4977,4044400,Jamaica
4980,4044601,Jamaica
4982,4044602,Jamaica
4984,4044800,Briarwood-Jamaica Hills
4986,4045000,Briarwood-Jamaica Hills
4988,4045200,Briarwood-Jamaica Hills
4989,4045400,Briarwood-Jamaica Hills
4991,4045500,Corona
4997,4045600,Briarwood-Jamaica Hills
4998,4045700,Elmhurst
5000,4045800,Jamaica Estates-Holliswood
5001,4045900,Elmhurst
5003,4046000,Jamaica
5006,4046100,Elmhurst
5007,4046200,Jamaica
5010,4046300,Elmhurst
5012,4046400,Jamaica Estates-Holliswood
5013,4046500,Elmhurst
5015,4046600,Jamaica Estates-Holliswood
5017,4046700,Elmhurst
5021,4046800,Jamaica
5023,4046900,Elmhurst
5028,4047000,Jamaica
5030,4047100,Elmhurst
5032,4047200,Jamaica Estates-Holliswood
5035,4047300,Elmhurst
5038,4047500,Elmhurst
5040,4047600,Jamaica Estates-Holliswood
5042,4047800,Jamaica Estates-Holliswood
5045,4047900,Elmhurst-Maspeth
5048,4048000,Jamaica
5050,4048100,Elmhurst
5054,4048200,Hollis
5055,4048300,Elmhurst-Maspeth
5057,4048400,Hollis
5061,4048500,Elmhurst-Maspeth
5064,4048900,Elmhurst-Maspeth
5066,4049200,Jamaica Estates-Holliswood
5069,4049301,Maspeth
5071,4049302,Maspeth
5073,4049500,Maspeth
5074,4049600,Queens Village
5077,4049700,Maspeth
5079,4049900,Elmhurst
5082,4050000,Hollis
5084,4050201,Hollis
5085,4050202,Hollis
5086,4050400,Hollis
5088,4050500,Middle Village
5089,4050600,Hollis
5091,4050700,Middle Village
5093,4050800,Hollis
5095,4051000,Hollis
5097,4051100,Maspeth
5099,4051200,Queens Village
5102,4051300,Maspeth
5104,4051500,Maspeth
5107,4051600,Queens Village
5109,4051700,Maspeth
5111,4051800,St. Albans
5113,4052000,St. Albans
5114,4052100,Maspeth
5116,4052200,St. Albans
5117,4052400,St. Albans
5119,4052500,Maspeth
5121,4052600,St. Albans
5123,4052800,St. Albans
5124,4053000,St. Albans
5126,4053100,Maspeth
5129,4053200,Queens Village
5131,4053401,Cambria Heights
5133,4053500,Maspeth
5134,4053601,Queens Village
5136,4053800,Queens Village
5138,4053900,Ridgewood
5141,4054000,Queens Village
5144,4054200,Queens Village
5148,4054500,Ridgewood
5151,4054700,Ridgewood
5154,4054800,Queens Village
5156,4054900,Ridgewood
5160,4055100,Ridgewood
5164,4055200,Queens Village
5166,4055300,Ridgewood
5168,4055400,Queens Village
5170,4055500,Ridgewood
5172,4055600,Queens Village
5174,4055700,Ridgewood
5177,4055800,Queens Village
5179,4055900,Ridgewood
5180,4056000,Queens Village
5182,4056100,park-cemetery-etc-Queens
5183,4056200,Queens Village
5184,4056400,Queens Village
5185,4056500,Glendale
5186,4056600,Queens Village
5188,4056700,Glendale
5192,4056800,Queens Village
5196,4057700,Glendale
5199,4057900,Glendale
5201,4058000,Queens Village
5205,4058100,Ridgewood
5207,4058200,Queens Village
5210,4058300,Ridgewood
5213,4058500,Ridgewood
5216,4058700,Ridgewood
5219,4058900,Ridgewood
5222,4059000,Cambria Heights
5223,4059100,Ridgewood
5227,4059200,Cambria Heights
5228,4059300,Ridgewood
5230,4059400,Cambria Heights
5232,4059500,Ridgewood
5236,4059600,Cambria Heights
5238,4059800,Cambria Heights
5240,4059900,Maspeth
5242,4060000,Cambria Heights
5243,4060100,Maspeth
5245,4060300,Middle Village
5246,4060600,Cambria Heights
5248,4060701,Middle Village
5249,4060800,Cambria Heights
5250,4061000,Cambria Heights
5251,4061200,Cambria Heights
5253,4061301,Ridgewood
5257,4061302,Ridgewood
5258,4061400,Cambria Heights
5259,4061601,Laurelton
5262,4061602,Rosedale
5264,4061800,Laurelton
5266,4061900,Middle Village
5268,4062000,Laurelton
5269,4062100,Middle Village
5272,4062200,Cambria Heights
5274,4062300,Glendale
5276,4062400,park-cemetery-etc-Queens
5277,4062500,Glendale
5279,4062600,Laurelton
5282,4062700,Glendale
5284,4062900,Glendale
5287,4063000,Laurelton
5289,4063200,Laurelton
5291,4063301,Glendale
5292,4063302,Glendale
5294,4063500,Glendale
5296,4063700,Glendale
5299,4063800,Rosedale
5304,4063900,Glendale
5306,4064101,Woodhaven
5307,4064102,park-cemetery-etc-Queens
5308,4064500,Forest Hills
5310,4064600,Laurelton
5312,4065000,Laurelton
5314,4065400,Rosedale
5317,4065501,Middle Village
5318,4065600,Rosedale
5321,4065702,Middle Village
5322,4065703,Middle Village
5325,4065900,Middle Village
5327,4066000,Rosedale
5329,4066100,Middle Village
5330,4066300,Middle Village
5333,4066400,Rosedale
5341,4066501,Middle Village
5345,4066701,Middle Village
5347,4066900,Middle Village
5349,4067100,Middle Village
5351,4067700,Middle Village
5353,4067900,Middle Village
5356,4068000,Springfield Gardens South-Brookville
5360,4068200,Laurelton
5362,4068300,Elmhurst
5365,4068700,Rego Park
5368,4069000,Springfield Gardens South-Brookville
5370,4069300,Rego Park
5372,4069400,Springfield Gardens South-Brookville
5374,4069500,Rego Park
5376,4069701,Rego Park
5379,4069702,Rego Park
5383,4070300,Rego Park
5385,4070700,Forest Hills
5388,4070900,Forest Hills
5390,4071100,Forest Hills
5394,4071303,Forest Hills
5397,4071304,Forest Hills
5401,4071305,Forest Hills
5404,4071306,Forest Hills
5408,4071600,Airport
5409,4071701,Rego Park
5413,4071702,Rego Park
5415,4071900,Forest Hills
5417,4072100,Forest Hills
5422,4072300,Forest Hills
5425,4072900,Forest Hills
5427,4073100,Forest Hills
5429,4073700,Forest Hills
5431,4073900,Forest Hills
5436,4074100,Forest Hills
5440,4074300,Forest Hills
5444,4074500,Forest Hills
5446,4074700,Forest Hills
5448,4074900,Forest Hills
5450,4075701,Forest Hills
5453,4075702,Forest Hills
5456,4076901,Forest Hills
5458,4076902,Forest Hills
5459,4077300,Kew Gardens
5461,4077500,Kew Gardens
5464,4077902,Kew Gardens Hills
5469,4077903,Kew Gardens Hills
5472,4077904,Kew Gardens Hills
5476,4077905,Kew Gardens Hills
5478,4077906,Kew Gardens Hills
5480,4077907,Kew Gardens Hills
5482,4077908,Kew Gardens Hills
5484,4078800,Baisley Park
5486,4079000,Baisley Park
5488,4079200,Baisley Park
5490,4079300,park-cemetery-etc-Queens
5491,4079701,Flushing
5495,4079702,Flushing
5498,4079900,Queensboro Hill
5500,4080301,Queensboro Hill
5503,4080302,Queensboro Hill
5506,4080900,Kew Gardens Hills
5513,4081400,South Ozone Park
5516,4081800,South Ozone Park
5519,4083700,Queensboro Hill
5523,4083800,South Ozone Park
5527,4084000,South Ozone Park
5532,4084500,Flushing
5535,4084601,South Ozone Park
5537,4084602,South Ozone Park
5538,4084900,Flushing
5542,4085300,Flushing
5546,4085500,Flushing
5550,4085700,Flushing
5553,4085900,Flushing
5556,4086100,East Flushing
5558,4086300,Murray Hill
5562,4086400,South Ozone Park
5564,4086500,Flushing
5566,4086900,Flushing
5568,4087100,Flushing
5570,4088400,Lindenwood-Howard Beach
5578,4088901,Flushing
5585,4089200,Lindenwood-Howard Beach
5593,4090700,College Point
5594,4091601,Breezy Point-Belle Harbor-Rockaway Park-Broad Channel
5597,4091602,park-cemetery-etc-Queens
5598,4091800,park-cemetery-etc-Queens
5599,4091900,College Point
5602,4092200,Breezy Point-Belle Harbor-Rockaway Park-Broad Channel
5605,4092500,College Point
5608,4092800,Breezy Point-Belle Harbor-Rockaway Park-Broad Channel
5611,4092900,College Point
5615,4093401,Breezy Point-Belle Harbor-Rockaway Park-Broad Channel
5618,4093402,Breezy Point-Belle Harbor-Rockaway Park-Broad Channel
5621,4093800,Breezy Point-Belle Harbor-Rockaway Park-Broad Channel
5624,4093900,College Point
5627,4094201,Breezy Point-Belle Harbor-Rockaway Park-Broad Channel
5628,4094202,Hammels-Arverne-Edgemere
5630,4094203,Hammels-Arverne-Edgemere
5635,4094500,Whitestone
5637,4094700,College Point
5639,4095400,Hammels-Arverne-Edgemere
5642,4096400,Hammels-Arverne-Edgemere
5644,4097202,Hammels-Arverne-Edgemere
5645,4097203,Hammels-Arverne-Edgemere
5650,4097204,Hammels-Arverne-Edgemere
5653,4097300,Whitestone
5656,4098100,Whitestone
5658,4098700,Whitestone
5660,4099100,Whitestone
5665,4099200,Hammels-Arverne-Edgemere
5667,4099701,Ft. Totten-Bay Terrace-Clearview
5670,4099703,Ft. Totten-Bay Terrace-Clearview
5673,4099704,Ft. Totten-Bay Terrace-Clearview
5677,4099705,Ft. Totten-Bay Terrace-Clearview
5678,4099801,Far Rockaway-Bayswater
5683,4099802,Far Rockaway-Bayswater
5686,4099900,Ft. Totten-Bay Terrace-Clearview
5687,4100801,Far Rockaway-Bayswater
5689,4100802,Far Rockaway-Bayswater
5693,4101001,Far Rockaway-Bayswater
5697,4101002,Far Rockaway-Bayswater
5699,4101700,Ft. Totten-Bay Terrace-Clearview
5706,4102900,Whitestone
5708,4103201,Far Rockaway-Bayswater
5711,4103202,Far Rockaway-Bayswater
5715,4103300,Whitestone
5719,4103900,Whitestone
5723,4104700,Murray Hill
5728,4105900,Murray Hill
5732,4107201,Breezy Point-Belle Harbor-Rockaway Park-Broad Channel
5733,4107202,park-cemetery-etc-Queens
5734,4108500,Bayside-Bayside Hills
5737,4109300,Bayside-Bayside Hills
5740,4109700,Bayside-Bayside Hills
5743,4109900,Bayside-Bayside Hills
5746,4111300,Bayside-Bayside Hills
5749,4112300,Bayside-Bayside Hills
5751,4112900,Bayside-Bayside Hills
5754,4113300,Bayside-Bayside Hills
5756,4113900,Auburndale
5759,4114100,Murray Hill
5761,4114700,Murray Hill
5763,4115100,Murray Hill
5764,4115500,Murray Hill
5766,4115700,Murray Hill
5769,4115900,Murray Hill
5772,4116100,Flushing
5774,4116300,Murray Hill
5779,4116700,Murray Hill
5780,4117100,Murray Hill
5783,4117500,Murray Hill
5787,4118100,Auburndale
5789,4118500,East Flushing
5791,4118700,East Flushing
5793,4118900,East Flushing
5795,4119100,East Flushing
5797,4119300,East Flushing
5799,4119500,East Flushing
5800,4119900,East Flushing
5801,4120100,East Flushing
5802,4120300,East Flushing
5804,4120500,East Flushing
5805,4120700,East Flushing
5807,4121100,park-cemetery-etc-Queens
5808,4121500,Queensboro Hill
5811,4122300,Pomonok-Flushing Heights-Hillcrest
5814,4122701,Pomonok-Flushing Heights-Hillcrest
5821,4122702,Pomonok-Flushing Heights-Hillcrest
5826,4124100,Pomonok-Flushing Heights-Hillcrest
5829,4124700,Pomonok-Flushing Heights-Hillcrest
5832,4125700,Kew Gardens Hills
5835,4126500,Pomonok-Flushing Heights-Hillcrest
5837,4126700,Pomonok-Flushing Heights-Hillcrest
5840,4127700,Jamaica Estates-Holliswood
5844,4128300,park-cemetery-etc-Queens
5845,4129102,Oakland Gardens
5849,4129103,Oakland Gardens
5852,4129104,Oakland Gardens
5857,4130100,Bellerose
5861,4133300,Fresh Meadows-Utopia
5865,4133900,Fresh Meadows-Utopia
5866,4134100,Fresh Meadows-Utopia
5869,4134700,Fresh Meadows-Utopia
5874,4136700,Oakland Gardens
5879,4137700,Oakland Gardens
5883,4138501,Oakland Gardens
5887,4138502,park-cemetery-etc-Queens
5888,4139900,Bayside-Bayside Hills
5890,4140300,Bayside-Bayside Hills
5892,4140901,Bayside-Bayside Hills
5893,4140902,Auburndale
5895,4141700,Auburndale
5900,4142900,Auburndale
5904,4143500,Bayside-Bayside Hills
5906,4144100,Bayside-Bayside Hills
5910,4144700,Bayside-Bayside Hills
5912,4145101,Auburndale
5913,4145102,Bayside-Bayside Hills
5915,4145900,Auburndale
5918,4146300,Bayside-Bayside Hills
5920,4146700,Bayside-Bayside Hills
5923,4147100,Bayside-Bayside Hills
5925,4147900,Douglas Manor-Douglaston-Little Neck
5928,4148300,Douglas Manor-Douglaston-Little Neck
5932,4150701,Douglas Manor-Douglaston-Little Neck
5935,4150702,Douglas Manor-Douglaston-Little Neck
5939,4152901,Douglas Manor-Douglaston-Little Neck
5942,4152902,Douglas Manor-Douglaston-Little Neck
5946,4155101,Glen Oaks-Floral Park-New Hyde Park
5947,4155102,Glen Oaks-Floral Park-New Hyde Park
5953,4156700,Bellerose
5954,4157101,Bellerose
5962,4157102,Bellerose
5964,4157901,Glen Oaks-Floral Park-New Hyde Park
5970,4157902,Glen Oaks-Floral Park-New Hyde Park
5975,4157903,Glen Oaks-Floral Park-New Hyde Park
5979,4161700,Bellerose
5983,4162100,Bellerose
5988,5000300,West New Brighton-New Brighton-St. George
5990,5000600,Stapleton-Rosebank
5991,5000700,West New Brighton-New Brighton-St. George
5995,5000800,Stapleton-Rosebank
5998,5000900,West New Brighton-New Brighton-St. George
6000,5001100,West New Brighton-New Brighton-St. George
6003,5001700,Stapleton-Rosebank
6005,5001800,Grasmere-Arrochar-Ft. Wadsworth
6006,5002001,Stapleton-Rosebank
6008,5002002,Grasmere-Arrochar-Ft. Wadsworth
6010,5002100,Stapleton-Rosebank
6012,5002700,Stapleton-Rosebank
6013,5002900,Stapleton-Rosebank
6017,5003300,Grymes Hill-Clifton-Fox Hills
6019,5003600,Stapleton-Rosebank
6021,5003900,Grymes Hill-Clifton-Fox Hills
6023,5004000,Grymes Hill-Clifton-Fox Hills
6030,5004700,Grymes Hill-Clifton-Fox Hills
6032,5005000,Grasmere-Arrochar-Ft. Wadsworth
6035,5005900,New Brighton-Silver Lake
6037,5006400,Grasmere-Arrochar-Ft. Wadsworth
6040,5006700,New Brighton-Silver Lake
6043,5007000,Old Town-Dongan Hills-South Beach
6047,5007400,Grasmere-Arrochar-Ft. Wadsworth
6049,5007500,New Brighton-Silver Lake
6052,5007700,West New Brighton-New Brighton-St. George
6053,5008100,West New Brighton-New Brighton-St. George
6056,5009601,Old Town-Dongan Hills-South Beach
6058,5009602,Old Town-Dongan Hills-South Beach
6061,5009700,West New Brighton-New Brighton-St. George
6064,5010500,New Brighton-Silver Lake
6069,5011201,Old Town-Dongan Hills-South Beach
6071,5011202,New Dorp-Midland Beach
6075,5011401,Old Town-Dongan Hills-South Beach
6077,5011402,New Dorp-Midland Beach
6080,5012100,New Brighton-Silver Lake
6083,5012200,New Dorp-Midland Beach
6087,5012500,West New Brighton-New Brighton-St. George
6090,5012804,New Dorp-Midland Beach
6092,5012805,Oakwood-Oakwood Beach
6093,5012806,Oakwood-Oakwood Beach
6097,5013201,Oakwood-Oakwood Beach
6099,5013203,Great Kills
6102,5013204,Oakwood-Oakwood Beach
6105,5013301,West New Brighton-New Brighton-St. George
6106,5013302,West New Brighton-New Brighton-St. George
6109,5013400,New Dorp-Midland Beach
6112,5013800,Oakwood-Oakwood Beach
6117,5014100,West New Brighton-New Brighton-St. George
6119,5014604,Great Kills
6123,5014605,Great Kills
6125,5014606,Great Kills
6129,5014607,Great Kills
6131,5014608,Great Kills
6133,5014700,Westerleigh
6136,5015100,Westerleigh
6141,5015400,park-cemetery-etc-Staten Island
6142,5015601,Great Kills
6148,5015602,Annadale-Huguenot-Prince's Bay-Eltingville
6152,5015603,Great Kills
6155,5016901,Westerleigh
6157,5017005,Annadale-Huguenot-Prince's Bay-Eltingville
6159,5017007,Arden Heights
6161,5017008,Arden Heights
6164,5017009,Arden Heights
6167,5017010,Arden Heights
6171,5017011,Annadale-Huguenot-Prince's Bay-Eltingville
6173,5017012,Annadale-Huguenot-Prince's Bay-Eltingville
6176,5017300,New Springville-Bloomfield-Travis
6178,5017600,Annadale-Huguenot-Prince's Bay-Eltingville
6182,5017700,Todt Hill-Emerson Hill-Heartland Village-Lighthouse Hill
6188,5018100,Todt Hill-Emerson Hill-Heartland Village-Lighthouse Hill
6191,5018701,Westerleigh
6193,5018702,New Springville-Bloomfield-Travis
6197,5018901,Westerleigh
6199,5018902,New Springville-Bloomfield-Travis
6202,5019700,Westerleigh
6204,5019800,Annadale-Huguenot-Prince's Bay-Eltingville
6208,5020100,Westerleigh
6211,5020700,Port Richmond
6215,5020801,Rossville-Woodrow
6219,5020803,Rossville-Woodrow
6222,5020804,Rossville-Woodrow
6225,5021300,Port Richmond
6230,5022300,Mariner's Harbor-Arlington-Port Ivory-Graniteville
6233,5022600,Charleston-Richmond Valley-Tottenville
6237,5022800,New Springville-Bloomfield-Travis
6238,5023100,Mariner's Harbor-Arlington-Port Ivory-Graniteville
6240,5023900,Mariner's Harbor-Arlington-Port Ivory-Graniteville
6242,5024401,Charleston-Richmond Valley-Tottenville
6245,5024402,Charleston-Richmond Valley-Tottenville
6247,5024700,Port Richmond
6249,5024800,Charleston-Richmond Valley-Tottenville
6252,5025100,Port Richmond
6255,5027301,New Springville-Bloomfield-Travis
6257,5027302,New Springville-Bloomfield-Travis
6259,5027702,Todt Hill-Emerson Hill-Heartland Village-Lighthouse Hill
6262,5027704,Todt Hill-Emerson Hill-Heartland Village-Lighthouse Hill
6264,5027705,Todt Hill-Emerson Hill-Heartland Village-Lighthouse Hill
6267,5027706,Todt Hill-Emerson Hill-Heartland Village-Lighthouse Hill
6270,5027900,Todt Hill-Emerson Hill-Heartland Village-Lighthouse Hill
6272,5029102,New Springville-Bloomfield-Travis
6274,5029103,New Springville-Bloomfield-Travis
6279,5029104,New Springville-Bloomfield-Travis
6283,5030301,Mariner's Harbor-Arlington-Port Ivory-Graniteville
6285,5030302,Mariner's Harbor-Arlington-Port Ivory-Graniteville
6289,5031901,Mariner's Harbor-Arlington-Port Ivory-Graniteville
6291,5031902,Mariner's Harbor-Arlington-Port Ivory-Graniteville
6294,5032300,Mariner's Harbor-Arlington-Port Ivory-Graniteville
